name,common_name,type,ra_deg,dec_deg,size_major_arcmin,size_minor_arcmin,emission,surface_brightness,novelty,low_precision,ref_url,note
G070.0-21.5,,SNR,321.0,19.3833,330.0,,OIII,faint,recent,TRUE,https://vizier.cds.unistra.fr/viz-bin/VizieR?-source=VII/284,Auto-found from a survey catalogue; size/emission estimated - verify & plate-solve.
G159.6+07.3,,SNR,80.0,50.0,240.0,,OIII,faint,recent,TRUE,https://vizier.cds.unistra.fr/viz-bin/VizieR?-source=VII/284,Auto-found from a survey catalogue; size/emission estimated - verify & plate-solve.
HII region-59.672+36.336,,HII region,59.67233,36.33627,189.6,,Ha,faint,recent,TRUE,https://vizier.cds.unistra.fr/viz-bin/VizieR?-source=J/ApJS/212/1,Auto-found from a survey catalogue; size/emission estimated - verify & plate-solve.
HII region-45.273+57.349,,HII region,45.27339,57.34893,182.1,,Ha,faint,recent,TRUE,https://vizier.cds.unistra.fr/viz-bin/VizieR?-source=J/ApJS/212/1,Auto-found from a survey catalogue; size/emission estimated - verify & plate-solve.
G150.3+04.5,,SNR,66.75,55.4667,180.0,,OIII,faint,recent,TRUE,https://vizier.cds.unistra.fr/viz-bin/VizieR?-source=VII/284,Auto-found from a survey catalogue; size/emission estimated - verify & plate-solve.
HII region-0.431+67.816,,HII region,0.43137,67.81572,166.3,,Ha,faint,recent,TRUE,https://vizier.cds.unistra.fr/viz-bin/VizieR?-source=J/ApJS/212/1,Auto-found from a survey catalogue; size/emission estimated - verify & plate-solve.
G213.0-00.6,,SNR,102.7083,-0.5,160.0,,OIII,faint,recent,TRUE,https://vizier.cds.unistra.fr/viz-bin/VizieR?-source=VII/284,Auto-found from a survey catalogue; size/emission estimated - verify & plate-solve.
HII region-324.932+57.664,,HII region,324.93228,57.66406,151.3,,Ha,faint,recent,TRUE,https://vizier.cds.unistra.fr/viz-bin/VizieR?-source=J/ApJS/212/1,Auto-found from a survey catalogue; size/emission estimated - verify & plate-solve.
HII region-314.329+44.325,,HII region,314.32885,44.32491,143.6,,Ha,faint,recent,TRUE,https://vizier.cds.unistra.fr/viz-bin/VizieR?-source=J/ApJS/212/1,Auto-found from a survey catalogue; size/emission estimated - verify & plate-solve.
HII region-306.093+39.058,,HII region,306.09319,39.0577,130.2,,Ha,faint,recent,TRUE,https://vizier.cds.unistra.fr/viz-bin/VizieR?-source=J/ApJS/212/1,Auto-found from a survey catalogue; size/emission estimated - verify & plate-solve.
HII region-93.187+13.196,,HII region,93.18684,13.1961,127.2,,Ha,faint,recent,TRUE,https://vizier.cds.unistra.fr/viz-bin/VizieR?-source=J/ApJS/212/1,Auto-found from a survey catalogue; size/emission estimated - verify & plate-solve.
HII region-309.432+40.292,,HII region,309.43229,40.2918,125.7,,Ha,faint,recent,TRUE,https://vizier.cds.unistra.fr/viz-bin/VizieR?-source=J/ApJS/212/1,Auto-found from a survey catalogue; size/emission estimated - verify & plate-solve.
G089.0+04.7,,SNR,311.25,50.5833,120.0,,OIII,faint,recent,TRUE,https://vizier.cds.unistra.fr/viz-bin/VizieR?-source=VII/284,Auto-found from a survey catalogue; size/emission estimated - verify & plate-solve.
HII region-270.202-24.083,,HII region,270.20234,-24.08256,120.0,,Ha,faint,recent,TRUE,https://vizier.cds.unistra.fr/viz-bin/VizieR?-source=J/ApJS/212/1,Auto-found from a survey catalogue; size/emission estimated - verify & plate-solve.
HII region-270.033-23.639,,HII region,270.03255,-23.63897,120.0,,Ha,faint,recent,TRUE,https://vizier.cds.unistra.fr/viz-bin/VizieR?-source=J/ApJS/212/1,Auto-found from a survey catalogue; size/emission estimated - verify & plate-solve.
17591-2228,,HII region,270.55396,-22.46667,120.0,,Ha,faint,recent,TRUE,https://vizier.cds.unistra.fr/viz-bin/VizieR?-source=J/ApJS/212/1,Auto-found from a survey catalogue; size/emission estimated - verify & plate-solve.
1377,,HII region,271.56197,-21.62153,120.0,,Ha,faint,recent,TRUE,https://vizier.cds.unistra.fr/viz-bin/VizieR?-source=J/ApJS/212/1,Auto-found from a survey catalogue; size/emission estimated - verify & plate-solve.
HII region-271.872-21.460,,HII region,271.87212,-21.45959,120.0,,Ha,faint,recent,TRUE,https://vizier.cds.unistra.fr/viz-bin/VizieR?-source=J/ApJS/212/1,Auto-found from a survey catalogue; size/emission estimated - verify & plate-solve.
HII region-272.131-20.315,,HII region,272.13067,-20.31479,120.0,,Ha,faint,recent,TRUE,https://vizier.cds.unistra.fr/viz-bin/VizieR?-source=J/ApJS/212/1,Auto-found from a survey catalogue; size/emission estimated - verify & plate-solve.
G010.601-00.370,,HII region,272.60247,-19.95183,120.0,,Ha,faint,recent,TRUE,https://vizier.cds.unistra.fr/viz-bin/VizieR?-source=J/ApJS/212/1,Auto-found from a survey catalogue; size/emission estimated - verify & plate-solve.
G011.111-00.398,,HII region,272.88572,-19.51073,120.0,,Ha,faint,recent,TRUE,https://vizier.cds.unistra.fr/viz-bin/VizieR?-source=J/ApJS/212/1,Auto-found from a survey catalogue; size/emission estimated - verify & plate-solve.
G011.4201-01.6815,,HII region,274.23711,-19.85235,120.0,,Ha,faint,recent,TRUE,https://vizier.cds.unistra.fr/viz-bin/VizieR?-source=J/ApJS/212/1,Auto-found from a survey catalogue; size/emission estimated - verify & plate-solve.
HII region-272.632-18.966,,HII region,272.63155,-18.96559,120.0,,Ha,faint,recent,TRUE,https://vizier.cds.unistra.fr/viz-bin/VizieR?-source=J/ApJS/212/1,Auto-found from a survey catalogue; size/emission estimated - verify & plate-solve.
HII region-273.188-18.394,,HII region,273.18811,-18.39374,120.0,,Ha,faint,recent,TRUE,https://vizier.cds.unistra.fr/viz-bin/VizieR?-source=J/ApJS/212/1,Auto-found from a survey catalogue; size/emission estimated - verify & plate-solve.
HII region-273.228-18.185,,HII region,273.22777,-18.18524,120.0,,Ha,faint,recent,TRUE,https://vizier.cds.unistra.fr/viz-bin/VizieR?-source=J/ApJS/212/1,Auto-found from a survey catalogue; size/emission estimated - verify & plate-solve.
HII region-273.301-17.993,,HII region,273.30105,-17.99311,120.0,,Ha,faint,recent,TRUE,https://vizier.cds.unistra.fr/viz-bin/VizieR?-source=J/ApJS/212/1,Auto-found from a survey catalogue; size/emission estimated - verify & plate-solve.
G012.775+0.345_+018.0,,HII region,273.0524,-17.70065,120.0,,Ha,faint,recent,TRUE,https://vizier.cds.unistra.fr/viz-bin/VizieR?-source=J/ApJS/212/1,Auto-found from a survey catalogue; size/emission estimated - verify & plate-solve.
G013.387+00.064,,HII region,273.60135,-17.29264,120.0,,Ha,faint,recent,TRUE,https://vizier.cds.unistra.fr/viz-bin/VizieR?-source=J/ApJS/212/1,Auto-found from a survey catalogue; size/emission estimated - verify & plate-solve.
HII region-273.932-16.878,,HII region,273.932,-16.87823,120.0,,Ha,faint,recent,TRUE,https://vizier.cds.unistra.fr/viz-bin/VizieR?-source=J/ApJS/212/1,Auto-found from a survey catalogue; size/emission estimated - verify & plate-solve.
G14.33-0.64,,HII region,274.72239,-16.79429,120.0,,Ha,faint,recent,TRUE,https://vizier.cds.unistra.fr/viz-bin/VizieR?-source=J/ApJS/212/1,Auto-found from a survey catalogue; size/emission estimated - verify & plate-solve.
G014.777-00.334,,HII region,274.66178,-16.25573,120.0,,Ha,faint,recent,TRUE,https://vizier.cds.unistra.fr/viz-bin/VizieR?-source=J/ApJS/212/1,Auto-found from a survey catalogue; size/emission estimated - verify & plate-solve.
G16.43-0.20,,HII region,275.3462,-14.74179,120.0,,Ha,faint,recent,TRUE,https://vizier.cds.unistra.fr/viz-bin/VizieR?-source=J/ApJS/212/1,Auto-found from a survey catalogue; size/emission estimated - verify & plate-solve.
HII region-276.241-13.145,,HII region,276.24104,-13.14454,120.0,,Ha,faint,recent,TRUE,https://vizier.cds.unistra.fr/viz-bin/VizieR?-source=J/ApJS/212/1,Auto-found from a survey catalogue; size/emission estimated - verify & plate-solve.
G019.6053-00.9012,,HII region,277.51397,-12.25863,120.0,,Ha,faint,recent,TRUE,https://vizier.cds.unistra.fr/viz-bin/VizieR?-source=J/ApJS/212/1,Auto-found from a survey catalogue; size/emission estimated - verify & plate-solve.
2610,,HII region,276.84902,-11.8364,120.0,,Ha,faint,recent,TRUE,https://vizier.cds.unistra.fr/viz-bin/VizieR?-source=J/ApJS/212/1,Auto-found from a survey catalogue; size/emission estimated - verify & plate-solve.
G21.42-0.54,,HII region,278.04901,-10.47737,120.0,,Ha,faint,recent,TRUE,https://vizier.cds.unistra.fr/viz-bin/VizieR?-source=J/ApJS/212/1,Auto-found from a survey catalogue; size/emission estimated - verify & plate-solve.
18282-0951,,HII region,277.76128,-9.82668,120.0,,Ha,faint,recent,TRUE,https://vizier.cds.unistra.fr/viz-bin/VizieR?-source=J/ApJS/212/1,Auto-found from a survey catalogue; size/emission estimated - verify & plate-solve.
2854,,HII region,277.93619,-9.37074,120.0,,Ha,faint,recent,TRUE,https://vizier.cds.unistra.fr/viz-bin/VizieR?-source=J/ApJS/212/1,Auto-found from a survey catalogue; size/emission estimated - verify & plate-solve.
HII region-277.758-9.202,,HII region,277.75784,-9.20221,120.0,,Ha,faint,recent,TRUE,https://vizier.cds.unistra.fr/viz-bin/VizieR?-source=J/ApJS/212/1,Auto-found from a survey catalogue; size/emission estimated - verify & plate-solve.
G23.20+0.00,,HII region,278.38684,-8.65657,120.0,,Ha,faint,recent,TRUE,https://vizier.cds.unistra.fr/viz-bin/VizieR?-source=J/ApJS/212/1,Auto-found from a survey catalogue; size/emission estimated - verify & plate-solve.
G023.861-0.120_+076.1,,HII region,278.80801,-8.11008,120.0,,Ha,faint,recent,TRUE,https://vizier.cds.unistra.fr/viz-bin/VizieR?-source=J/ApJS/212/1,Auto-found from a survey catalogue; size/emission estimated - verify & plate-solve.
HII region-278.613-7.680,,HII region,278.61265,-7.67961,120.0,,Ha,faint,recent,TRUE,https://vizier.cds.unistra.fr/viz-bin/VizieR?-source=J/ApJS/212/1,Auto-found from a survey catalogue; size/emission estimated - verify & plate-solve.
G24.22-0.05,,HII region,278.90062,-7.77016,120.0,,Ha,faint,recent,TRUE,https://vizier.cds.unistra.fr/viz-bin/VizieR?-source=J/ApJS/212/1,Auto-found from a survey catalogue; size/emission estimated - verify & plate-solve.
G024.482-0.037_+108.8,,HII region,279.02701,-7.51746,120.0,,Ha,faint,recent,TRUE,https://vizier.cds.unistra.fr/viz-bin/VizieR?-source=J/ApJS/212/1,Auto-found from a survey catalogue; size/emission estimated - verify & plate-solve.
G25.16+0.06,,HII region,279.24231,-6.88936,120.0,,Ha,faint,recent,TRUE,https://vizier.cds.unistra.fr/viz-bin/VizieR?-source=J/ApJS/212/1,Auto-found from a survey catalogue; size/emission estimated - verify & plate-solve.
G025.455-00.210,,HII region,279.6249,-6.74235,120.0,,Ha,faint,recent,TRUE,https://vizier.cds.unistra.fr/viz-bin/VizieR?-source=J/ApJS/212/1,Auto-found from a survey catalogue; size/emission estimated - verify & plate-solve.
HII region-279.956-6.374,,HII region,279.95641,-6.37439,120.0,,Ha,faint,recent,TRUE,https://vizier.cds.unistra.fr/viz-bin/VizieR?-source=J/ApJS/212/1,Auto-found from a survey catalogue; size/emission estimated - verify & plate-solve.
G26.60+0.09,,HII region,279.8762,-5.59296,120.0,,Ha,faint,recent,TRUE,https://vizier.cds.unistra.fr/viz-bin/VizieR?-source=J/ApJS/212/1,Auto-found from a survey catalogue; size/emission estimated - verify & plate-solve.
G027.977+0.082_+075.4,,HII region,280.52567,-4.36941,120.0,,Ha,faint,recent,TRUE,https://vizier.cds.unistra.fr/viz-bin/VizieR?-source=J/ApJS/212/1,Auto-found from a survey catalogue; size/emission estimated - verify & plate-solve.
G028.200-00.051,,HII region,280.7425,-4.23321,120.0,,Ha,faint,recent,TRUE,https://vizier.cds.unistra.fr/viz-bin/VizieR?-source=J/ApJS/212/1,Auto-found from a survey catalogue; size/emission estimated - verify & plate-solve.
G028.287-00.364,,HII region,281.06379,-4.29889,120.0,,Ha,faint,recent,TRUE,https://vizier.cds.unistra.fr/viz-bin/VizieR?-source=J/ApJS/212/1,Auto-found from a survey catalogue; size/emission estimated - verify & plate-solve.
HII region-279.645-3.535,,HII region,279.64532,-3.53465,120.0,,Ha,faint,recent,TRUE,https://vizier.cds.unistra.fr/viz-bin/VizieR?-source=J/ApJS/212/1,Auto-found from a survey catalogue; size/emission estimated - verify & plate-solve.
G028.599-00.023,,HII region,280.89466,-3.85474,120.0,,Ha,faint,recent,TRUE,https://vizier.cds.unistra.fr/viz-bin/VizieR?-source=J/ApJS/212/1,Auto-found from a survey catalogue; size/emission estimated - verify & plate-solve.
G028.798+0.182_+106.0,,HII region,280.82175,-3.59811,120.0,,Ha,faint,recent,TRUE,https://vizier.cds.unistra.fr/viz-bin/VizieR?-source=J/ApJS/212/1,Auto-found from a survey catalogue; size/emission estimated - verify & plate-solve.
HII region-281.568-3.107,,HII region,281.56755,-3.10694,120.0,,Ha,faint,recent,TRUE,https://vizier.cds.unistra.fr/viz-bin/VizieR?-source=J/ApJS/212/1,Auto-found from a survey catalogue; size/emission estimated - verify & plate-solve.
G030.020-00.050,,HII region,281.56911,-2.60873,120.0,,Ha,faint,recent,TRUE,https://vizier.cds.unistra.fr/viz-bin/VizieR?-source=J/ApJS/212/1,Auto-found from a survey catalogue; size/emission estimated - verify & plate-solve.
G30.38-0.11,,HII region,281.7932,-2.32121,120.0,,Ha,faint,recent,TRUE,https://vizier.cds.unistra.fr/viz-bin/VizieR?-source=J/ApJS/212/1,Auto-found from a survey catalogue; size/emission estimated - verify & plate-solve.
G030.863+00.117,,HII region,281.81698,-1.78611,120.0,,Ha,faint,recent,TRUE,https://vizier.cds.unistra.fr/viz-bin/VizieR?-source=J/ApJS/212/1,Auto-found from a survey catalogue; size/emission estimated - verify & plate-solve.
G031.067+00.053,,HII region,281.96701,-1.64049,120.0,,Ha,faint,recent,TRUE,https://vizier.cds.unistra.fr/viz-bin/VizieR?-source=J/ApJS/212/1,Auto-found from a survey catalogue; size/emission estimated - verify & plate-solve.
4764,,HII region,281.8917,-1.21083,120.0,,Ha,faint,recent,TRUE,https://vizier.cds.unistra.fr/viz-bin/VizieR?-source=J/ApJS/212/1,Auto-found from a survey catalogue; size/emission estimated - verify & plate-solve.
4812,,HII region,282.17663,-1.16807,120.0,,Ha,faint,recent,TRUE,https://vizier.cds.unistra.fr/viz-bin/VizieR?-source=J/ApJS/212/1,Auto-found from a survey catalogue; size/emission estimated - verify & plate-solve.
18470-0044,,HII region,282.40091,-0.69981,120.0,,Ha,faint,recent,TRUE,https://vizier.cds.unistra.fr/viz-bin/VizieR?-source=J/ApJS/212/1,Auto-found from a survey catalogue; size/emission estimated - verify & plate-solve.
G032.745-00.074,,HII region,282.83392,-0.19243,120.0,,Ha,faint,recent,TRUE,https://vizier.cds.unistra.fr/viz-bin/VizieR?-source=J/ApJS/212/1,Auto-found from a survey catalogue; size/emission estimated - verify & plate-solve.
5100,,HII region,282.85037,0.06993,120.0,,Ha,faint,recent,TRUE,https://vizier.cds.unistra.fr/viz-bin/VizieR?-source=J/ApJS/212/1,Auto-found from a survey catalogue; size/emission estimated - verify & plate-solve.
5171,,HII region,283.08515,0.43167,120.0,,Ha,faint,recent,TRUE,https://vizier.cds.unistra.fr/viz-bin/VizieR?-source=J/ApJS/212/1,Auto-found from a survey catalogue; size/emission estimated - verify & plate-solve.
5263,,HII region,283.42855,0.69394,120.0,,Ha,faint,recent,TRUE,https://vizier.cds.unistra.fr/viz-bin/VizieR?-source=J/ApJS/212/1,Auto-found from a survey catalogue; size/emission estimated - verify & plate-solve.
G034.4035+00.2282,,HII region,283.32788,1.41409,120.0,,Ha,faint,recent,TRUE,https://vizier.cds.unistra.fr/viz-bin/VizieR?-source=J/ApJS/212/1,Auto-found from a survey catalogue; size/emission estimated - verify & plate-solve.
G034.756+00.025,,HII region,283.67233,1.63428,120.0,,Ha,faint,recent,TRUE,https://vizier.cds.unistra.fr/viz-bin/VizieR?-source=J/ApJS/212/1,Auto-found from a survey catalogue; size/emission estimated - verify & plate-solve.
HII region-284.064+1.818,,HII region,284.06435,1.8177,120.0,,Ha,faint,recent,TRUE,https://vizier.cds.unistra.fr/viz-bin/VizieR?-source=J/ApJS/212/1,Auto-found from a survey catalogue; size/emission estimated - verify & plate-solve.
G35.15+0.81,,HII region,283.14798,2.32863,120.0,,Ha,faint,recent,TRUE,https://vizier.cds.unistra.fr/viz-bin/VizieR?-source=J/ApJS/212/1,Auto-found from a survey catalogue; size/emission estimated - verify & plate-solve.
HII region-285.383+1.344,,HII region,285.38321,1.34439,120.0,,Ha,faint,recent,TRUE,https://vizier.cds.unistra.fr/viz-bin/VizieR?-source=J/ApJS/212/1,Auto-found from a survey catalogue; size/emission estimated - verify & plate-solve.
G035.576+00.067,,HII region,283.99941,2.38144,120.0,,Ha,faint,recent,TRUE,https://vizier.cds.unistra.fr/viz-bin/VizieR?-source=J/ApJS/212/1,Auto-found from a survey catalogue; size/emission estimated - verify & plate-solve.
HII region-283.914+3.262,,HII region,283.91388,3.26245,120.0,,Ha,faint,recent,TRUE,https://vizier.cds.unistra.fr/viz-bin/VizieR?-source=J/ApJS/212/1,Auto-found from a survey catalogue; size/emission estimated - verify & plate-solve.
G036.406+00.019,,HII region,284.42509,3.10065,120.0,,Ha,faint,recent,TRUE,https://vizier.cds.unistra.fr/viz-bin/VizieR?-source=J/ApJS/212/1,Auto-found from a survey catalogue; size/emission estimated - verify & plate-solve.
G036.880-00.475,,HII region,285.08254,3.29521,120.0,,Ha,faint,recent,TRUE,https://vizier.cds.unistra.fr/viz-bin/VizieR?-source=J/ApJS/212/1,Auto-found from a survey catalogue; size/emission estimated - verify & plate-solve.
18582+0331,,HII region,285.19174,3.60122,120.0,,Ha,faint,recent,TRUE,https://vizier.cds.unistra.fr/viz-bin/VizieR?-source=J/ApJS/212/1,Auto-found from a survey catalogue; size/emission estimated - verify & plate-solve.
HII region-284.264+4.238,,HII region,284.26443,4.23829,120.0,,Ha,faint,recent,TRUE,https://vizier.cds.unistra.fr/viz-bin/VizieR?-source=J/ApJS/212/1,Auto-found from a survey catalogue; size/emission estimated - verify & plate-solve.
G037.4974+00.5301,,HII region,284.47232,4.305,120.0,,Ha,faint,recent,TRUE,https://vizier.cds.unistra.fr/viz-bin/VizieR?-source=J/ApJS/212/1,Auto-found from a survey catalogue; size/emission estimated - verify & plate-solve.
G037.736-00.113,,HII region,285.15911,4.23757,120.0,,Ha,faint,recent,TRUE,https://vizier.cds.unistra.fr/viz-bin/VizieR?-source=J/ApJS/212/1,Auto-found from a survey catalogue; size/emission estimated - verify & plate-solve.
G037.874-00.401,,HII region,285.47141,4.21338,120.0,,Ha,faint,recent,TRUE,https://vizier.cds.unistra.fr/viz-bin/VizieR?-source=J/ApJS/212/1,Auto-found from a survey catalogue; size/emission estimated - verify & plate-solve.
HII region-285.249+4.440,,HII region,285.2489,4.44004,120.0,,Ha,faint,recent,TRUE,https://vizier.cds.unistra.fr/viz-bin/VizieR?-source=J/ApJS/212/1,Auto-found from a survey catalogue; size/emission estimated - verify & plate-solve.
HII region-285.864+5.256,,HII region,285.86377,5.25607,120.0,,Ha,faint,recent,TRUE,https://vizier.cds.unistra.fr/viz-bin/VizieR?-source=J/ApJS/212/1,Auto-found from a survey catalogue; size/emission estimated - verify & plate-solve.
HII region-286.987+4.908,,HII region,286.98747,4.90831,120.0,,Ha,faint,recent,TRUE,https://vizier.cds.unistra.fr/viz-bin/VizieR?-source=J/ApJS/212/1,Auto-found from a survey catalogue; size/emission estimated - verify & plate-solve.
G039.197+00.223,,HII region,285.52386,5.67569,120.0,,Ha,faint,recent,TRUE,https://vizier.cds.unistra.fr/viz-bin/VizieR?-source=J/ApJS/212/1,Auto-found from a survey catalogue; size/emission estimated - verify & plate-solve.
G039.255-00.059,,HII region,285.80551,5.59088,120.0,,Ha,faint,recent,TRUE,https://vizier.cds.unistra.fr/viz-bin/VizieR?-source=J/ApJS/212/1,Auto-found from a survey catalogue; size/emission estimated - verify & plate-solve.
HII region-286.118+5.720,,HII region,286.11771,5.71978,120.0,,Ha,faint,recent,TRUE,https://vizier.cds.unistra.fr/viz-bin/VizieR?-source=J/ApJS/212/1,Auto-found from a survey catalogue; size/emission estimated - verify & plate-solve.
G040.0175-00.1193,,HII region,286.21053,6.24722,120.0,,Ha,faint,recent,TRUE,https://vizier.cds.unistra.fr/viz-bin/VizieR?-source=J/ApJS/212/1,Auto-found from a survey catalogue; size/emission estimated - verify & plate-solve.
G040.624-00.139,,HII region,286.50624,6.77639,120.0,,Ha,faint,recent,TRUE,https://vizier.cds.unistra.fr/viz-bin/VizieR?-source=J/ApJS/212/1,Auto-found from a survey catalogue; size/emission estimated - verify & plate-solve.
HII region-286.512+7.454,,HII region,286.5125,7.45435,120.0,,Ha,faint,recent,TRUE,https://vizier.cds.unistra.fr/viz-bin/VizieR?-source=J/ApJS/212/1,Auto-found from a survey catalogue; size/emission estimated - verify & plate-solve.
HII region-284.906+8.360,,HII region,284.90637,8.36011,120.0,,Ha,faint,recent,TRUE,https://vizier.cds.unistra.fr/viz-bin/VizieR?-source=J/ApJS/212/1,Auto-found from a survey catalogue; size/emission estimated - verify & plate-solve.
HII region-286.690+7.777,,HII region,286.69033,7.77749,120.0,,Ha,faint,recent,TRUE,https://vizier.cds.unistra.fr/viz-bin/VizieR?-source=J/ApJS/212/1,Auto-found from a survey catalogue; size/emission estimated - verify & plate-solve.
G042.111-00.449,,HII region,287.47147,7.95723,120.0,,Ha,faint,recent,TRUE,https://vizier.cds.unistra.fr/viz-bin/VizieR?-source=J/ApJS/212/1,Auto-found from a survey catalogue; size/emission estimated - verify & plate-solve.
